field_name,field_type,null,min,max,subtype,max_length,choices
ano_calendario,integer,false,2021,2021,SMALLINT,,null
cnpj,integer,false,208000100,98669997000171,BIGINT,,null
razao_social,text,false,,,VARCHAR,144,null
nome_fantasia,text,true,,,VARCHAR,55,null
codigo_cnae,integer,false,0,97005,INTEGER,,null
cnae,text,false,,,VARCHAR,144,null
municipio,text,false,,,VARCHAR,28,null
uf,text,false,,,VARCHAR,2,"[""AC"", ""AL"", ""AM"", ""AP"", ""BA"", ""CE"", ""DF"", ""ES"", ""EX"", ""GO"", ""MA"", ""MG"", ""MS"", ""MT"", ""PA"", ""PB"", ""PE"", ""PI"", ""PR"", ""RJ"", ""RN"", ""RO"", ""RR"", ""RS"", ""SC"", ""SE"", ""SP"", ""TO""]"
tipo_renuncia,text,false,,,VARCHAR,59,"[""Declarado pelo Contribuinte para Apura\u00e7\u00e3o do IRPJ e da CSLL"", ""Imposto de Importa\u00e7\u00e3o e IPI Vinculado"", ""PIS/COFINS Vinculados \u00e0 Importa\u00e7\u00e3o""]"
beneficio_fiscal,text,false,,,VARCHAR,87,"[""Atividade Audiovisual - Dedu\u00e7\u00e3o do Imposto de Renda"", ""COFINS"", ""Empresa Cidad\u00e3"", ""Finor - Fundo de Investimentos do Nordeste"", ""Fundos de Direitos da Crian\u00e7a e do Adolescente"", ""Fundos do Idoso"", ""Hor\u00e1rio Eleitoral"", ""IPI"", ""Imposto de Importa\u00e7\u00e3o"", ""Incentivo ao Desporto"", ""PIS"", ""Padis - Programa de Apoio ao Desenvolvimento Tecnol\u00f3gico da Ind\u00fastria de Semicondutores"", ""Programa Rota 2030 CSLL"", ""Programa Rota 2030 IR"", ""Programa de Alimenta\u00e7\u00e3o do Trabalhador"", ""Pronac - Programa Nacional de Apoio \u00e0 Cultura - Dedu\u00e7\u00e3o do Imposto de Renda"", ""Pronas/PCD - Programa Nacional de Apoio \u00e0 Aten\u00e7\u00e3o da Sa\u00fade da Pessoa com Defici\u00eancia"", ""Pronon - Programa Nacional de Apoio \u00e0 Aten\u00e7\u00e3o Oncol\u00f3gica"", ""Prouni - Programa Universidade para Todos"", ""Prouni - Programa Universidade para Todos CSLL"", ""Sudam/Sudene - Isen\u00e7\u00e3o Projeto Industrial / Agr\u00edcola"", ""Sudam/Sudene - Isen\u00e7\u00e3o Projeto Tecnologia Digital"", ""Sudam/Sudene - Redu\u00e7\u00e3o 75% Projeto Setor Priorit\u00e1rio"", ""Sudam/Sudene - Redu\u00e7\u00e3o Escalonada Setor Priorit\u00e1rio, Projeto Industrial / Agr\u00edcola"", ""Sudam/Sudene - Redu\u00e7\u00e3o por Reinvestimento""]"
fundamento_legal,text,false,,,VARCHAR,254,null
descricao,text,false,,,VARCHAR,378,"[""A pessoa jur\u00eddica benefici\u00e1ria do Padis, nos termos e condi\u00e7\u00f5es estabelecidos pela Lei n\u00ba 11.484, de 2007, ter\u00e1 as al\u00edquotas do IRPJ e adicional reduzidas em 100% (cem por cento) incidente sobre o lucro da explora\u00e7\u00e3o."", ""Aplica\u00e7\u00e3o de pessoas jur\u00eddicas ou grupos de empresas coligadas de que trata o art. 9\u00ba da Lei n\u00ba 8.167, de 1991, alterado pela Medida Provis\u00f3ria n\u00ba 2.199-14, de 2001, titulares de empreendimento de setor da economia considerado, em ato do Poder Executivo, priorit\u00e1rio para o desenvolvimento regional, aprovado ou protocolizado at\u00e9 2 de maio de 2001 nas \u00e1reas da Sudam e da Sudene"", ""As emissoras de r\u00e1dio e televis\u00e3o obrigadas \u00e0 divulga\u00e7\u00e3o gratuita de propaganda partid\u00e1ria e eleitoral, de plebiscitos e de referendos poder\u00e3o efetuar a compensa\u00e7\u00e3o fiscal pela ced\u00eancia do hor\u00e1rio gratuito."", ""Dedu\u00e7\u00e3o de at\u00e9 4% (quatro por cento) do imposto devido, antes do adicional."", ""Dedu\u00e7\u00e3o do imposto devido das quantias efetivamente realizadas no per\u00edodo de apura\u00e7\u00e3o a t\u00edtulo de doa\u00e7\u00f5es ou patroc\u00ednio, tanto mediante contribui\u00e7\u00f5es ao Fundo Nacional de Cultura (FNC) na forma de doa\u00e7\u00f5es."", ""Dedu\u00e7\u00e3o para o desenvolvimento do setor automotivo no Pa\u00eds."", ""Dedu\u00e7\u00e3o, do IRPJ devido em cada per\u00edodo de apura\u00e7\u00e3o, do total das doa\u00e7\u00f5es feitas ao Fundo Nacional do Idoso, devidamente comprovadas, vedada a dedu\u00e7\u00e3o como despesa operacional."", ""Dedu\u00e7\u00e3o, do imposto de renda devido em cada per\u00edodo de apura\u00e7\u00e3o, das doa\u00e7\u00f5es efetuadas aos Fundos dos Direitos da Crian\u00e7a e do Adolescente nacional, estaduais ou municipais, devidamente comprovados, observados os limites legais."", ""Dedu\u00e7\u00e3o, do imposto devido pela pessoa jur\u00eddica tributada com base no lucro real, dos valores despendidos a t\u00edtulo de patroc\u00ednio ou doa\u00e7\u00e3o, no apoio direto a projetos desportivos e paradesportivos previamente aprovados pelo Minist\u00e9rio do Esporte."", ""Dedu\u00e7\u00e3o, do imposto devido, do total da remunera\u00e7\u00e3o integral paga \u00e0 empregados, durante os 60 (sessenta) dias de prorroga\u00e7\u00e3o da licen\u00e7a maternidade ou 15 (quinze) dias de prorroga\u00e7\u00e3o da licen\u00e7a paternidade."", ""Dedu\u00e7\u00e3o, do imposto devido, dos valores correspondentes \u00e0s doa\u00e7\u00f5es e aos patroc\u00ednios diretamente efetuados em prol de a\u00e7\u00f5es e servi\u00e7os desenvolvidos no \u00e2mbito do Pronas/PCD e desenvolvidos por institui\u00e7\u00f5es indicadas em lei."", ""Dedu\u00e7\u00e3o, do imposto devido, dos valores correspondentes \u00e0s doa\u00e7\u00f5es e aos patroc\u00ednios diretamente efetuados em prol de a\u00e7\u00f5es e servi\u00e7os desenvolvidos no \u00e2mbito do Pronon e desenvolvidos por institui\u00e7\u00f5es indicadas em lei."", ""Dedu\u00e7\u00f5es, do imposto de renda, dos valores relativos aos incentivos \u00e0 atividade audiovisual e \u00e0 atividade cultural n\u00e3o podem exceder a 4% (quatro por cento) do imposto devido."", ""Isen\u00e7\u00e3o e redu\u00e7\u00e3o do imposto de renda para pessoas jur\u00eddicas sujeitas \u00e0 apura\u00e7\u00e3o do imposto de renda trimestral ou anual, que gozem dos benef\u00edcios fiscais com base no lucro da explora\u00e7\u00e3o."", ""Programa destinado \u00e0 concess\u00e3o de bolsas de estudo integrais e bolsas de estudo parciais de 50% (cinquenta por cento) para estudantes de cursos de gradua\u00e7\u00e3o e sequenciais de forma\u00e7\u00e3o espec\u00edfica, em institui\u00e7\u00f5es privadas de ensino superior, com ou sem fins lucrativos."", ""Valor em real do incentivo, ren\u00fancia, benef\u00edcio ou imunidade (IRBI) da COFINS. \u00c9 a diferen\u00e7a entre a COFINS calculada e a COFINS a recolher."", ""Valor em real do incentivo, ren\u00fancia, benef\u00edcio ou imunidade (IRBI) da contribui\u00e7\u00e3o ao PIS. \u00c9 a diferen\u00e7a entre o PIS calculado e o PIS a recolher."", ""Valor em real do incentivo, ren\u00fancia, benef\u00edcio ou imunidade (IRBI) do Imposto de Importa\u00e7\u00e3o (II). \u00c9 a diferen\u00e7a entre o II calculado e o II a recolher."", ""Valor em real do incentivo, ren\u00fancia, benef\u00edcio ou imunidade (IRBI) do imposto sobre produtos industrializados (IPI). \u00c9 a diferen\u00e7a entre o IPI calculado e o IPI a recolher.""]"
tributo,text,false,,,VARCHAR,21,"[""COFINS"", ""CSLL"", ""IPI"", ""IRPJ"", ""Imposto de Importa\u00e7\u00e3o"", ""PIS""]"
forma_tributacao,text,true,,,VARCHAR,74,"[""Aplica\u00e7\u00e3o em incentivos fiscais."", ""Dedu\u00e7\u00e3o na apura\u00e7\u00e3o da CSLL."", ""Dedu\u00e7\u00e3o na apura\u00e7\u00e3o do IRPJ."", ""Dedu\u00e7\u00e3o no LALUR e no Livro de Apura\u00e7\u00e3o da Base de C\u00e1lculo da CSLL (LACS)."", ""Dedu\u00e7\u00e3o no c\u00e1lculo do IRPJ e da CSLL."", ""Isen\u00e7\u00e3o/redu\u00e7\u00e3o do IRPJ com base no lucro da explora\u00e7\u00e3o.""]"
valor_renuncia_fiscal_r,text,false,,,VARCHAR,14,null
